address,link,name
Impasse Jean-Paul Sartre  44119 Treillieres ,http://www.treillieres.fr/mes-loisirs/equipements-sportifs-et-salles-municipales/equipements-sportifs-2459/aire-d-athletisme-627.html?cHash=dbcd7e0f8e1966a0d879ce1a7def8121,Aire d'athlétisme
12 rue de la Rinçais  44119 Treillieres ,http://www.treillieres.fr/mes-loisirs/equipements-sportifs-et-salles-municipales/equipements-sportifs-2459/boulodrome-de-la-rincais-624.html?cHash=2b4a346cbaffaa3eb8ef3e751fbff6e5,Boulodrome de la Rinçais
Rue Simone de Beauvoir  44119 Treillieres ,http://www.treillieres.fr/mes-loisirs/equipements-sportifs-et-salles-municipales/equipements-sportifs-2459/halle-de-raquettes-622.html?cHash=b6ccc7fc1106f33078d8eb21e876e85d,Halle de raquettes
Rue Simone de Beauvoir  44119 Treillieres ,http://www.treillieres.fr/mes-loisirs/equipements-sportifs-et-salles-municipales/equipements-sportifs-2459/salle-athena-618.html?cHash=1c46adc35dbec477e1c142286d5cd9ec,Salle Athéna
Rue Simone de Beauvoir  44119 Treillieres ,http://www.treillieres.fr/mes-loisirs/equipements-sportifs-et-salles-municipales/equipements-sportifs-2459/salle-heracles-620.html?cHash=3208e6bfc8b1d381965fec767575c2c2,Salle Héraclès
Rue Simone de Beauvoir  44119 Treillieres ,http://www.treillieres.fr/mes-loisirs/equipements-sportifs-et-salles-municipales/equipements-sportifs-2459/salle-kodokan-619.html?cHash=dbb29ea3cbe1f3d0cc9f2699d31e33e3,Salle Kodokan
Rue Simone de Beauvoir  44119 Treillieres ,http://www.treillieres.fr/mes-loisirs/equipements-sportifs-et-salles-municipales/equipements-sportifs-2459/salle-marathon-621.html?cHash=14c1dfc77709d549ccde582a852e9e79,Salle Marathon
Rue Simone de Beauvoir  44119 Treillieres ,http://www.treillieres.fr/mes-loisirs/equipements-sportifs-et-salles-municipales/equipements-sportifs-2459/salle-olympie-617.html?cHash=5750f9406549edab837232db5ad8eea1,Salle Olympie
Rue Simone de Beauvoir  44119 Treillieres ,http://www.treillieres.fr/mes-loisirs/equipements-sportifs-et-salles-municipales/equipements-sportifs-2459/skate-park-628.html?cHash=1c4350b754838cc9e2e7448711e02806,Skate-park
12 rue de la Rinçais  44119 Treillieres ,http://www.treillieres.fr/mes-loisirs/equipements-sportifs-et-salles-municipales/equipements-sportifs-2459/stade-de-la-rincais-623.html?cHash=fd6a376c9199d2e6138a645fc9493672,Stade de la Rinçais
Avenue du Général de Gaulle  44119 Treillieres ,http://www.treillieres.fr/mes-loisirs/equipements-sportifs-et-salles-municipales/equipements-sportifs-2459/terrain-de-grands-jeux-625.html?cHash=0248031a1fd9ac52f64764c505134b32,Terrain de grands jeux
Avenue du Général de Gaulle  44119 Treillieres ,http://www.treillieres.fr/mes-loisirs/equipements-sportifs-et-salles-municipales/equipements-sportifs-2459/terrain-multisports-626.html?cHash=cd71bbb5a6a4cf14c0ebacf2fe54219c,Terrain multisports
